{
  "dwell_mean": 85.42136498516321,
  "dwell_std": 15.491374662630895,
  "dwell_min": 20.0,
  "dwell_max": 158.0,
  "dwell_median": 83.0,
  "dwell_p25": 77.0,
  "dwell_p75": 90.0,
  "flight_mean": 340.92537313432837,
  "flight_std": 260.7269122837914,
  "flight_min": 128.0,
  "flight_max": 1711.0,
  "flight_median": 240.0,
  "flight_p25": 202.0,
  "flight_p75": 336.5,
  "dwell_flight_ratio": 0.24982458658195184,
  "total_keypresses": 337.0,
  "speed_cv": 0.7625257812656172,
  "dwell_cv": 0.1792539919415812,
  "burst_ratio": 0.0,
  "dg_th_mean": 207.73333333333332,
  "dg_th_std": 15.720333612518814,
  "dg_he_mean": 187.69230769230768,
  "dg_he_std": 27.268986654001186,
  "dg_in_mean": 228.9,
  "dg_in_std": 18.833215338863408,
  "dg_er_mean": 169.42857142857142,
  "dg_er_std": 20.416080097085537,
  "dg_an_mean": 0.0,
  "dg_an_std": 0.0,
  "dg_re_mean": 0.0,
  "dg_re_std": 0.0,
  "dg_on_mean": 256.22222222222223,
  "dg_on_std": 28.420562891359637,
  "dg_en_mean": 231.8,
  "dg_en_std": 47.95164230764156,
  "dg_at_mean": 294.8,
  "dg_at_std": 137.03926444636224,
  "dg_es_mean": 224.0,
  "dg_es_std": 10.03327796219494,
  "dg_st_mean": 207.33333333333334,
  "dg_st_std": 70.74052743811161,
  "dg_nt_mean": 317.57142857142856,
  "dg_nt_std": 35.22522287410843,
  "dg_io_mean": 204.66666666666666,
  "dg_io_std": 15.084944665313014,
  "dg_to_mean": 246.0,
  "dg_to_std": 13.0,
  "dg_is_mean": 0.0,
  "dg_is_std": 0.0,
  "dg_or_mean": 491.3333333333333,
  "dg_or_std": 270.1361796493679,
  "dg_ti_mean": 331.0,
  "dg_ti_std": 45.89117562233506,
  "dg_as_mean": 0.0,
  "dg_as_std": 0.0,
  "dg_te_mean": 189.0,
  "dg_te_std": 19.330459556530638,
  "dg_ng_mean": 242.4,
  "dg_ng_std": 18.682612237050794,
  "dg_ou_mean": 229.2,
  "dg_ou_std": 19.863534428696216,
  "dg_ha_mean": 0.0,
  "dg_ha_std": 0.0,
  "dg_nd_mean": 263.0,
  "dg_nd_std": 0.0,
  "dg_it_mean": 377.0,
  "dg_it_std": 81.73432571447567,
  "dg_ed_mean": 0.0,
  "dg_ed_std": 0.0,
  "dg_no_mean": 0.0,
  "dg_no_std": 0.0,
  "dg_se_mean": 237.0,
  "dg_se_std": 18.0,
  "dg_al_mean": 211.0,
  "dg_al_std": 0.0,
  "dg_of_mean": 300.75,
  "dg_of_std": 26.61179249881526,
  "dg_hi_mean": 0.0,
  "dg_hi_std": 0.0,
  "dg_overall_mean": 247.51639344262296,
  "dg_overall_std": 88.29238253225616,
  "dg_overall_min": 147.0,
  "dg_overall_max": 835.0,
  "dg_found_count": 22.0,
  "tg_the_mean": 397.61538461538464,
  "tg_ing_mean": 470.6,
  "tg_and_mean": 0.0,
  "tg_ion_mean": 462.6666666666667,
  "tg_ent_mean": 797.8,
  "tg_ati_mean": 687.6666666666666,
  "tg_for_mean": 589.0,
  "tg_her_mean": 0.0,
  "tg_ter_mean": 355.0,
  "tg_hat_mean": 0.0,
  "tg_thi_mean": 0.0,
  "tg_nth_mean": 0.0,
  "tg_int_mean": 0.0,
  "tg_ere_mean": 0.0,
  "tg_tio_mean": 579.0,
  "tg_ver_mean": 377.0,
  "tg_all_mean": 0.0,
  "tg_wit_mean": 0.0,
  "tg_his_mean": 0.0,
  "tg_tha_mean": 0.0,
  "tg_our_mean": 0.0,
  "tg_ons_mean": 0.0,
  "tg_ess_mean": 0.0,
  "tg_ive_mean": 0.0,
  "tg_tin_mean": 542.5,
  "tg_men_mean": 0.0,
  "tg_est_mean": 0.0,
  "tg_are_mean": 0.0,
  "tg_overall_mean": 504.8,
  "tg_overall_std": 230.37493353227472,
  "tg_found_count": 10.0
}