{
  "dwell_mean": 88.65714285714286,
  "dwell_std": 19.837832337146484,
  "dwell_min": 64.0,
  "dwell_max": 141.0,
  "dwell_median": 82.0,
  "dwell_p25": 75.5,
  "dwell_p75": 96.0,
  "flight_mean": 230.0,
  "flight_std": 245.29536926289128,
  "flight_min": 52.0,
  "flight_max": 1419.0,
  "flight_median": 165.0,
  "flight_p25": 115.0,
  "flight_p75": 259.0,
  "dwell_flight_ratio": 0.38379715522572666,
  "total_keypresses": 35.0
}